Title,Year,Director,Literary_Credits,Subjects,Filming_Location,Production_Companies,Distribution_Companies
Uncle Tom's Cabin,1910,Barry O'Neil|18189,Harriet Beecher Stowe ,African Americans|Fathers and daughters|Mississippi River|Mothers and sons|Ohio River|Plantations|Slave auctions|Slavery|Slaves--Runaway|United States--South,New Rochelle New York United States,Thanhouser Film Corp.,Thanhouser Film Corp.
Ramona,1910,D. W. Griffith|34832,Helen Hunt Jackson ,Adoption|California--History--To 1846|Chapels|Exploitation|Indians of North America|Indians of North America--Mixed blood|Orphans|Romance|Spanish Americans,|Los Angeles California United States|Piru California United States,Biograph Co.,Biograph Co.
Mrs. Wiggs of the Cabbage Patch,1914,Harold Entwhistle |65893,Alice Hegan Rice |Anne Crawford Flexner ,Adoption|Circus performers|Circuses|Bigamy|Desertion (Marital)|Murder|Inheritance|Nephews|Lawyers|Photographs|Rescues|Lockets|Marriage licenses|Stepchildren|Servants|Strikes,,California Motion Picture Corp.,World Film Corp.
Tess of the Storm Country,1914,,Grace Miller White |Rupert Hughes ,Baptism|Class distinction|Family honor|Brothers and sisters|Clergy|Fathers and daughters|Fires|Fishermen|Illegitimacy|Friendship|Reputation|Infants|Self-sacrifice|Murder|Rabbits and hares,Santa Monica California United States,Famous Players Film Co.,State Rights
Uncle Tom's Cabin,1914,William Robert Daly|157367,George L. Aiken |Harriet Beecher Stowe ,Chases|African Americans|Escapes|Dogs|Plantations|Infants|Pledges|Rescues|Slavery|United States--South,,World Producing Corp.,World Film Corp.
A Romance of Billy Goat Hill,1916,Lynn Reynolds|102921,Alice Hegan Rice ,Betrayal|False accusations|False arrests|Cures|Friendship|Gunfights|Gunshot wounds|Mutes|Trials|Professors|Sharks|Surgery|United States--South,Universal City California United States,Universal Film Mfg Co. ,Universal Film Mfg Co.; Red Feather Photoplays
Judith of the Cumberlands,1916,J. P. McGowan|74760,Alice MacGowan ,Feuds|Cousins|Frame-ups|Falls from heights|Mountain life|Justices of the peace|Rivalry|Lynching|Marriage|Mobs|Moonshiners|Mountaineering,|Los Angeles California United States,Signal Film Corp.,Mutual Film Corp.; A Mutual Star Production 
The Place Beyond the Winds,1916,Joseph De Grasse|89306,Harriet Theresa Comstock ,Disease|Canada|Mountains|Fathers and daughters|Murder|Fugitives|Tenement-houses|Nurses|Puritanism,|Universal City California United States,Universal Film Mfg Co. ,Universal Film Mfg Co.; Red Feather Photoplays
Ramona,1916,Donald Crisp|40050,Helen Hunt Jackson ,California--History|Murder|Frontier and pioneer life|Scots|Indians of North America--Mixed blood|Indians of North America|Racism,San Diego California United States|Hollywood California United States||Santa Paula California United States||Santa Barbara California United States|San Francisco California United States,Clune Film Producing Co.,State Rights
The Awakening of Helena Richie,1916,John W. Noble|88014,Margaret Deland ,Adoption|Alcoholics|Mothers and sons|Clergy|Ostracism|Infanticide|Infidelity|Philanderers|Self-sacrifice|Village life,,"Rolfe Photoplays, Inc.",Metro Pictures Corp.
The Iron Woman,1916,Carl Harbaugh|26720,Margaret Deland ,Friendship|Divorce|Industrial accidents|Gratitude|Mill owners|Marriage|Motherhood|Seduction|Physicians,Fort Lee New Jersey United States|Bethlehem Pennsylvania United States,"Popular Plays and Players, Inc.",Metro Pictures Corp.
Mr. Opp,1917,Lynn F. Reynolds|102950,Alice Hegan Rice ,Brothers|Inheritance|Businessmen|Rewards|Coal mines|Self-sacrifice|Half sisters|Mayors|Reporters|Salesmen|Secretaries,,"Bluebird Photoplays, Inc.","Bluebird Photoplays, Inc."
Freckles,1917,Marshall Neilan|107701,Gene Stratton-Porter ,Handicapped|Children|Inheritance|Grandfathers|Self-sacrifice|Lumber camps|Missing persons|Waifs|Naturalists|Runaways,,Jesse L. Lasky Feature Play Co. ,Paramount Pictures Corp.
The Secret of the Storm Country,1917,Charles Miller|29762,Grace Miller White ,Bigamy|Heart disease|Marriage--Secret|Heiresses|Mothers and sons|Ostracism|Squatters,Ithaca New York United States|New York City New York United States,Norma Talmadge Film Corp.,Select Pictures Corp.
A Son of the Hills,1917,Harry Davenport|66613,Harriet Theresa Comstock ,Divorce|Factories|Education|Industrialists|North Carolina|Jealousy|Mountains|Runaways|Stepmothers,Canton Pennsylvania United States,Vitagraph Co. of America,Greater Vitagraph (V-L-S-E)
Rebecca of Sunnybrook Farm,1917,Marshall Neilan|107701,Kate Douglas Wiggin ,Boarding schools|Aunts|Farms|Nieces|Spinsters|Mortgages|Practical jokes|Youth,Pleasanton California United States,Mary Pickford Film Corp.,Artcraft Pictures Corp.
An Alabaster Box,1917,Chester Withey |31201,Florence Morse Kingsley |Mary Eleanor (Wilkins) Freeman ,Businessmen|Ex-convicts|Embezzlement|Mobs|Employer-employee relations|New England|Fathers and daughters|Impersonation and imposture,Brooklyn New York United States,Vitagraph Co. of America; A Blue Ribbon Feature,Greater Vitagraph (V-L-S-E)
The Primrose Ring,1917,Robert Leonard|132129,Ruth Sawyer ,Charity|Automobile accidents|Convalescence|Children|Detectives|Handicapped|Hospitals|Physicians|Nurses|Surgeons,Hollywood California United States|New York City New York United States,Jesse L. Lasky Feature Play Co. ,Paramount Pictures Corp.
Sandy,1918,George H. Melford |59050,Alice Caldwell Hegan Rice ,Adoption|Attempted murder|Bribery|Alcoholics|Immigrants|Aunts|Confession (Law)|Jockeys|Kentucky Derby|Elopement|False accusations|Fixed horse races|Judges|Kentucky|New York City|Ships|Stowaways,,Famous Players-Lasky Corp.,"Famous Players-Lasky Corp.,Paramount Pictures "
Sunshine Nan,1918,Charles Giblyn|29387,Alice Caldwell Hegan Rice ,Cathedrals|Chemical formulas|Chemists|Choirs (Music)|Confession (Law)|Fraud|Theft|Factories|Fights|Tomboys|Fires|Hospitals|Laboratories|Reformatories|Rescues|Stenographers,New York City New York United States,Famous Players-Lasky Corp.,Famous Players-Lasky Corp.; Paramount Pictures
Amarilly of Clothes-Line Alley,1918,Marshall A. Neilan |107701,Belle K. Maniates ,Aunts|Bartenders|Cigarette girls|Butlers|Class distinction|Dancing|Experiments|Irish Americans|Laundresses|Sculptors|Nursing back to health|Tenement-houses,Hollywood California United States,Mary Pickford Film Corp.,Famous Players-Lasky Corp.
Kildare of Storm,1918,Harry L. Franklin|67519,Eleanor Mercein Kelly ,Alcoholics|Child custody|Confession (Law)|False arrests|Imprisonment|Fights|Illegitimacy|Marriage--Arranged|Infidelity|Physicians|Mothers and daughters|Plantations|Planters|Pardons|Servants|Southerners|United States--South,Rye New York United States|New York City New York United States,Metro Pictures Corp.,Metro Pictures Corp.
The Panther Woman,1918,Ralph Ince|127078,Gertrude Atherton ,False arrests|Dance hall girls|Electric chair|Lawyers|Fathers and daughters|Mining towns|Murder|Mining towns|Poisoning|Stepmothers,|Asheville North Carolina United States|New York City New York United States,Petrova Picture Co.,"First National Exhibitors' Circuit, Inc."
Uncle Tom's Cabin,1918,J. Searle Dawley|74878,George L. Aiken |Harriet Beecher Stowe ,Disease|Children|Escapes|Mississippi River|Heaven|New Orleans (LA)|Kentucky|Sadism|Slavery--Emancipation|Ohio River|Slaves|Plantation owners|Southerners|Pledges|Rescues|Slave traders|Visions,New York City New York United States||,Famous Players-Lasky Corp.,"Famous Players-Lasky Corp.,Paramount Pictures "
Mrs. Wiggs of the Cabbage Patch,1919,Hugh Ford|71684,Alice Caldwell Hegan Rice ,Disinheritance|Adolescents|Family life|Illegitimacy|Orphanages|Nursing back to health|Sheriffs|Poverty|Runaways,,Famous Players-Lasky Corp.,Famous Players-Lasky Corp.; Paramount Pictures
Dawn,1919,J. Stuart Blackton|74886,Eleanor H. Porter ,Artists|Blindness|Gossip|Attempted suicide|Nurses|Eye surgery|Schools for the blind|Gossip|Heiresses|Housekeepers|Stepfathers|War injuries,,"J. Stuart Blackton Feature Pictures, Inc.","Pathé Exchange, Inc."
False Evidence,1919,Edwin Carew |45387,Mary E. Wilkins Freeman ,California|Cousins|Dances|Lynching|Fathers and daughters|Marriage--Arranged|Scottish Americans|Flirts|Social customs|Kisses|Knife wounds|Village life|Self-sacrifice|Trees,Santa Cruz California United States||Hollywood California United States,Metro Pictures Corp.,Metro Pictures Corp.
Pollyanna,1920,Paul Powell|122247,Eleanor H. Porter ,Disillusionment|Aunts|Automobile accidents|Physicians|Cures|Good Samaritans|Orphans|Paralysis|Paraplegics|Small town life,,Mary Pickford Co.,United Artists Corp.
Humoresque,1920,Frank Borzage|53124,Fannie Hurst ,Cures|Children|Jews|France|Mothers and sons|Handicapped|Soldiers|New York City|World War I|Violinists|War injuries,,Cosmopolitan Productions,"Famous Players-Lasky Corp.,Paramount-Artcraft Pictures"
Judy of Rogue's Harbor,1920,William D. Taylor |156887,Grace Miller White ,Assassination|Cads|Battered children|Conspiracy|Grandfathers|Neighbors|Sisters|Parentage|Waifs|Governors|Vigilantes,Los Angeles California United States|Pasadena California United States,Realart Pictures Corp.,Realart Pictures Corp.
Just Around the Corner,1921,Frances Marion|52360,Fannie Hurst ,Family life|Family relationships|Messengers|New York City--East Side|Ushers,New York City New York United States,Cosmopolitan Productions,Paramount Pictures 
Silent Years,1921,Louis J. Gasnier |101030,Harriet Theresa Comstock ,Dogs|French Canadians|Invalids|Mortgages|Motherhood|Parentage|St. Lawrence River|Sisters,Truckee California United States,R-C Pictures ,
Nobody's Kid,1921,Howard Hickman|71305,Kate Langley Bosher ,Adolescence|Grandfathers|Judges|Orphanages|Orphans|Parentage,Hollywood California United States,Robertson-Cole Pictures,
Hungry Hearts,1922,E. Mason Hopper|42274,Anzia Yezierska ,Finance--Personal|Immigrants|Jews|Landlords|Lawyers|Russians,New York City New York United States,Goldwyn Pictures Corp.,
The Good Provider,1922,Frank Borzage|53124,Fannie Hurst ,Bankruptcy|Immigrants|Jews|New York City|Small town life,,Cosmopolitan Productions,"Famous Players-Lasky Corp.,Paramount Pictures "
Tess of the Storm Country,1922,John S. Robertson |76140,Grace Miller White |Rupert Hughes ,Brothers and sisters|Family relationships|Injustice|Murder|Poverty|Squatters,Chatsworth California United States,Mary Pickford Co.,United Artists 
Little Miss Smiles,1922,Jack Ford |85693,Myra Kelly ,Blindness|Boxers|Brothers and sisters|Family life|Gangsters|Jews|New York City|Physicians|Tenement-houses,Hollywood California United States|Los Angeles California United States,Fox Film Corp.,Fox Film Corp.
Miss Lulu Bett,1922,William C. de Mille|156814,Zona Gale ,Bigamy|Brothers|Dentists|Drudges|Justices of the peace|Reputation|Schoolteachers|Small town life|Spinsters,Hollywood California United States,Famous Players-Lasky Corp.,Paramount Pictures 
Michael O'Halloran,1923,James Leo Meehan|78659,Gene Stratton-Porter ,Birds|Handicapped|Lawyers|Orphans|Poverty|Rural life|Wealth,Culver City California United States,Gene Stratton-Porter Productions,W. W. Hodkinson Corp.
So Big,1924,Charles Brabin|29072,Edna Ferber ,Architects|Chicago (IL)|Dutch|Farmers|Illinois|Motherhood|Schoolteachers|Truck farmers,,"First National Pictures, Inc.","First National Pictures, Inc."
A Girl of the Limberlost,1924,James Leo Meehan|78659,Gene Stratton-Porter ,Adolescence|Dogs|High school students|Infidelity|Marshes|Motherhood|Quicksand,,Gene Stratton Porter Productions ,Film Booking Offices of America 
Salome of the Tenements,1925,Sidney Olcott|140654,Anzia Yezierska ,Blackmail|Couturiers|Jews|New York City|Newspapers|Philanthropists|Reporters|Secretaries|Usury,Astoria New York United States|New York City New York United States,Famous Players-Lasky Corp.,Paramount Pictures Corp.
The Keeper of the Bees,1925,James Leo Meehan|78659,Gene Stratton-Porter ,Bees and wasps|Marriage|Reputation|Self-sacrifice|Tomboys|Veterans,Santa Barbara California United States,"Gene Stratton Porter Productions, Inc.",Film Booking Offices of America 
The Pearl of Love,1925,Leon E. Dadmun|97600,Harriet Beecher Stowe ,Adoption|Maine|Shipwrecks|Smuggling,,Paul W. Whitcomb Productions,Lee-Bradford Corp.
Lovey Mary,1926,King Baggot|94156,Alice Hegan Rice ,Canneries|Children|Courtship|Exterminators|Orphanages|Orphans,,Metro-Goldwyn-Mayer Corp.,Metro-Goldwyn-Mayer Distributing Corp.
Laddie,1926,James Leo Meehan|78659,Gene Stratton-Porter ,Children|Courtship|English|Exile|Family life|Ohio|Pioneers,,Gene Stratton-Porter Productions,Film Booking Offices of America 
The Harvester,1927,Leo Meehan |78659,Gene Stratton-Porter ,Detectives|Herbs|Marriage|Nurses|Parentage|Physicians|Rural life,,R-C Pictures Corp.,Film Booking Offices of America 
The Magic Garden,1927,J. Leo Meehan |78659,Gene Stratton-Porter ,Gardens|Suicide|Venice (Italy)|Violinists|Yachts and yachting,,"Gene Stratton Porter Productions, Inc.",Film Booking Offices of America 
Topsy and Eva,1927,Del Lord|37450,Catherine Chisholm Cushing ,African Americans|Uncle Tom's Cabin (Novel)|Children|Miracles|Slavery,,"Feature Productions, Inc.",United Artists Corp.
Freckles,1928,Leo Meehan |78659,Gene Stratton-Porter ,Amputees|Forests|Lumber camps|Lumber industry|Orphans|Thieves|Lumber,Hollywood California United States,"F.B.O. Productions, Inc.","F.B.O. Productions, Inc."
Ramona,1928,Edwin Carewe|45387,L. Wolfe Gilbert |Mabel Wayne |Helen Hunt Jackson ,Amnesia|Dogs|Indians of North America|Indians of North America--Mixed blood|Murder|Spaniards,Hollywood California United States,"Inspiration Pictures, Inc.",United Artists Corp.
Linda,1929,Mrs. Wallace Reid |40862,Harry Tobias |Charles Tobias |Al Sherman |Margaret Prescott Montague ,Bigamy|Lumberjacks|Marriage|Physicians|Schoolteachers,Fort Lee New Jersey United States,"Cliff Broughton Productions,Mrs. Wallace Reid Productions,Willis Kent Productions","First Division Pictures ,States' rights"
The Woman Who Was Forgotten,1930,Richard Thomas|130453,Bess Streeter Aldrich ,Bankers|Embezzlement|Schoolteachers|Students,,"Woman Who Was Forgotten, Inc.",States Cinema Corp.
Mother's Cry,1930,Hobart Henley|70829,Helen Grace Carlisle ,Architects|Blackmail|Capital punishment|Family life|Gangsters|Intellectuals|Motherhood|Murder|Seamstresses|Widows,Burbank California United States,"First National Pictures, Inc.","First National Pictures, Inc."
Cimarron,1931,Wesley Ruggles|154535,Edna Ferber ,"African Americans|Marriage|Newspapers|Cherokee Indians|Oklahoma|Citizenship|Settlers|Department store owners|Editors|United States--History--Reconstruction, 1865-1898|Family relationships|Gambling houses|Gunfights|Industrial accidents|Intolerance|Jews|Land rushes|Lawyers|Murder|Oil|Osage Indians|Outlaws|Political corruption|Printers|Prostitution|Rough Riders|Self-sacrifice|Servants|Spanish-American War, 1898|Statues|Tramps|Trials|United States. Congress. House of Representatives|Wichita (KS)|Women in politics|Women reporters",Bakersfield California United States,"RKO Radio Pictures, Inc.","RKO Radio Pictures, Inc."
So Big,1932,William A. Wellman|156757,Edna Ferber ,Farmers|Architects|Idealism|Artists|Asparagus|Mothers and sons|Businessmen|Chicago (IL)|Children|Churches|Dutch Americans|Friendship|Infidelity|Love affairs|Lure of riches|Ministers|Physicians|Prostitution|Salesmen|Sculptors|Teachers|United States--Midwest|Widows,,"Warner Bros. Pictures, Inc.","The Vitaphone Corp.,Warner Bros. Pictures, Inc."
Back Street,1932,John M. Stahl|87744,Fannie Hurst ,Infidelity|Beer gardens|Cincinnati (OH)|Love|Mistresses|Death and dying|Engagements|Reputation|Fathers and daughters|Self-sacrifice|Family relationships|Fires|Funerals|Inventors|Neighbors|New York City|Paris (France)|Proposals (Marital)|Rescues|Stepmothers|Stroke,,Universal Pictures Corp.,Universal Pictures Corp.
Tess of the Storm Country,1932,Alfred Santell|10579,Will Jason |Val Burton |Grace Miller White |Rupert Hughes ,Baptism|Attempted rape|Attempted suicide|Class distinction|False accusations|Dances|Fathers and daughters|Fathers and sons|Fishermen|Fires|Game wardens|Illegitimacy|Sea captains|Infants|Monkeys|Self-sacrifice|Motorboats|Squatters|Rescues|Ship crews|Shootings,,Fox Film Corp.,Fox Film Corp.
Rebecca of Sunnybrook Farm,1932,Alfred Santell|10579,James F. Hanley |Charlotte Thompson |Kate Douglas Wiggin ,Aunts|Atheists|Innocents|Bus drivers|Regeneration|Buses|Charity|Rural life|Childbirth|Christmas|Clinics|Engagements|Maine|Marriage--Common law|Medical ethics|Missionaries|Physicians|Snow storms|Syria,,Fox Film Corp.,Fox Film Corp.
Mrs. Wiggs of the Cabbage Patch,1934,Norman Taurog|118608,Alice Hegan Rice |Anne Crawford Flexner ,Children|Acrobats|Desertion (Marital)|Advertisements|Good Samaritans|Alcoholics|Charities|Poverty|Shantytowns|Death and dying|Dogs|Horses|Hospitals|Invalids|Long-lost relatives|Marriage|Mortgages|Spinsters|Thanksgiving Day|Vaudeville|Weddings,|Calabasas California United States,"Paramount Productions, Inc.","Paramount Productions, Inc."
Imitation of Life,1934,John M. Stahl|87744,Fannie Hurst ,Death by shock|Maids|Engagements|Mothers and daughters|Racial impersonation|Funerals|Racism|Generation gap|Self-sacrifice|Ichthyologists|Women in business|Maturation|Parties|Restaurateurs|Runaways|Schoolteachers|Self-reliance|Vagabonds|Wealth|Widows,,Universal Pictures Corp.,Universal Pictures Corp.
A Girl of the Limberlost,1934,Christy Cabanne|31877,Gene Stratton-Porter ,Accidental death|Indiana|Infidelity|Aunts|Butterflies|Mothers and daughters|Romance|Childbirth|Eccentrics|Swamps|Engagements|Finance--Personal|Jealousy|Physicians|Schools|Thieves|Uncles,,Monogram Pictures Corp.,Monogram Pictures Corp.
Freckles,1935,Edward Killy|44762||William Hamilton|155729,Gene Stratton-Porter ,Accidents|Children|Forests|Bears|Dolls|Gangsters|Ex-convicts|Orphans|General stores|Schoolteachers|Gunshot wounds|Lumber camps|Lumberjacks|Machine-guns|Mothers and daughters|Newspapers|Orphans|Rescues|Romance|Thieves|United States. Federal Bureau of Investigation,,"RKO Radio Pictures, Inc.","RKO Radio Pictures, Inc."
Laddie,1935,George Stevens|59479,Gene Stratton-Porter ,Children|Engagements|English|Class distinction|Forests|Farmers|Long-lost relatives|Family relationships|Physicians|Indiana|Romance|Prayer|United States--History--19th century|Proposals (Marital),Chino California United States|Sunland California United States,"RKO Radio Pictures, Inc.","RKO Radio Pictures, Inc."
The Keeper of the Bees,1935,Christy Cabanne|31877,Gene Stratton-Porter ,Beekeepers|Cousins|Illegitimacy|Fatherhood|Marriage--Forced by circumstances|Grandmothers|Rejuvenation|Heart disease|Hitchhiking|Rural life|Veterans|Hospitals|Housekeepers|Infants|Inheritance|Long-lost relatives|Male impersonation|Mothers and daughters|Nurses|Orphans|Physicians|Reputation|Self-sacrifice|Tomboys|War injuries|Weddings,|San Pedro California United States,Monogram Pictures Corp.,"Monogram Pictures Corp.,Republic Pictures Corp."
Come and Get It,1936,Howard Hawks|71302||William Wyler|156648,George R. Poulton |W. W. Fosdick |Edna Ferber ,Aging|Doubles|Fathers and sons|Gamblers|Millionaires|Family relationships|Lumber camp foremen|Paper products|Marriage|Saloons|Singers|Unrequited love|Swedish Americans|United States--History--Social life and customs,,"Howard Productions, Inc.",United Artists Corp.
The Harvester,1936,Joseph Santley|89655,Gene Stratton-Porter ,Farmers|Ambition|City-country contrast|Marriage--Arranged|Engagements|Romantic rivalry|Small town life|Farm life|Grandmothers|Henpecked husbands|Indiana|Inventions|Orphanages|Orphans|Progress|Real estate agents,,Republic Pictures Corp.,Republic Pictures Corp.
Ramona,1936,Henry King|69358,Mabel Wayne |L. Wolfe Gilbert |William Kernell |Helen Hunt Jackson ,California--History--1846-1850|Christianity|Indians of North America--Mixed blood|Dances|Funerals|Indians of North America|Racism|Horseracing|Romance|Horse thieves|Jealousy|Land rights|Marriage|Mexican Americans|Murder|Physicians|Priests|Servants|Settlers|Wards and guardians,|,Twentieth Century-Fox Film Corp.,Twentieth Century-Fox Film Corp.
Underworld,1937,Oscar Micheaux|119611,Harry Woods |Irving Mills |Duke Ellington |Edna Mae Baker ,Accidental death|African Americans|Automobile accidents|Chicago (IL)|City-country contrast|Beauty operators|Confidence men|College students|Duplicity|Detectives|False accusations|Drugging|Murder|Infidelity|Singers|Nervous breakdown|Nightclub owners|Nightclubs|Pawnbrokers|Thieves|Trains,,Micheaux Pictures Corp.,"Sack Amusement Enterprises, Inc."
Michael O'Halloran,1937,Karl Brown|92053,Gene Stratton-Porter ,"Child custody|Brothers and sisters|Foster children|Children|Divorce|Nightclubs|Operations, Surgical|Handicapped|Physicians|Transformation|Raids|Trials",,Republic Pictures Corp.,Republic Pictures Corp.
Romance of the Limberlost,1938,William Nigh|156157,Gene Stratton-Porter ,Aunts|Barns|Class distinction|Birds|Murder|Forests|Indentured servants|Rural life|Judges|Transformation|Unrequited love|Lawyers|Swamps|Trials|Widowers,,Monogram Pictures Corp.,Monogram Pictures Corp.
Rebecca of Sunnybrook Farm,1938,Allan Dwan|11207,Ted Koehler |Ray Henderson |Sidney Clare |Richard A. Whiting |Jack Yellen |Samuel Pokrass |Sidney D. Mitchell |Lew Pollack |Harry Revel |Mack Gordon | Raymond Scott Quintet |Kate Douglas Wiggin ,Advertising|Auditions|Aunts|Business competition|Cereal products|Child custody|Children|Contracts|Farms|Cousins|Neighbors|Deception|Eviction|Radio broadcasting|Landladies|Singers|Lawyers|Physicians|Pigs|Radio performers|Romance|Stepfathers|Theatrical managers|Wells,,Twentieth Century-Fox Film Corp.,Twentieth Century-Fox Film Corp.
Gone with the Wind,1939,Victor Fleming|150912||Sam Wood|138105||George Cukor|58446||Chester Franklin|31119||James Fitzpatrick|180750,Margaret Mitchell ,"Death and dying|Accidental death|African Americans|Flirts|Georgia|Atlanta (GA)|Balls (Parties)|Lure of riches|Poverty|Barbecues|Servants|Blockades|Childbirth|United States--History--Civil War, 1861-1865|Christmas|United States--History--Reconstruction, 1865-1898|Clothes|United States--South|Confederate States of America. Army|Unrequited love|Convicts|Curtains|Dance parties|Drunkenness|Fires|Horses|Hospitals|Hunger|Infidelity|Ku Klux Klan|Lice|Lumber mills|Measles|New Orleans (LA)|Overseers|Physicians|Plantations|Prostitution|Rescues|River boats|Self-defense|Self-sacrifice|Slavery|Stairs|Stores, Retail|Widows",|Malibu California United States|Chico California United States||,"Selznick International Pictures, Inc.",Loew's Inc.
Her First Romance,1940,Edward Dmytryk|44567,Peter Ilyich Tchaikowsky |Stephen Foster |Gregory Stone |Edvard Grieg |Lorenzo da Ponte |Wolfgang Amadeus Mozart |S. Charles Caine |Gene Stratton-Porter ,College students|Cousins|Courtship|Dances|Engagements|Jealousy|Flirts|Romantic rivalry|School life|Fraternities|Wards and guardians|Stepsisters|Picnicking,,Monogram Pictures Corp.,Monogram Pictures Corp.
Laddie,1940,Jack Hively|75635,Gene Stratton-Porter ,Courtship|English|Nursing back to health|Farmers|Family life|Soldiers|Fathers and daughters|Fathers and sons|Snobs and snobbishness,,"RKO Radio Pictures, Inc.","RKO Radio Pictures, Inc."
Cheers for Miss Bishop,1941,Tay Garnett|144580,Bess Streeter Aldrich ,Adoption|Spinsters|Teachers|Aged persons|Banquets|United States--History|Universities|Cousins|Death in childbirth|Unrequited love|The Declaration of Independence|False accusations|Gardeners|Graduations|Grocers|Immigrants|Infidelity|The Little Minister (Novel)|Memory|Midwesterners|Presidents|Romantic rivalry|Seduction|Tests of character,,"Richard A. Rowland Productions, Inc.",United Artists Corp.
Back Street,1941,Robert Stevenson|132685,Fannie Hurst ,Apartments|Automobile manufacturers|Bankers|Automobile racing|Boats|Love|Clothing industry|Marriage|Cincinnati (OH)|Mistresses|Salesclerks|Docks|Salesmen|Engagements|Europe|Unrequited love|Fathers and sons|Hotels|Landladies|New York City|Nightclubs|Ostracism|Paris (France)|Stepmothers|Stepsisters|Trains|Uncles,,"Universal Pictures Company, Inc.","Universal Pictures Company, Inc."
Mrs. Wiggs of the Cabbage Patch,1942,Ralph Murphy|127132,Alice Hegan Rice |Anne Crawford Flexner ,Child welfare|Adoption|Class distinction|Charity|Death and dying|Family relationships|Poverty|Engagements|Horses|Matchmakers|Neighbors|Physicians|Reunions|Spinsters|Thanksgiving Day|Theater|Uncles|Weddings,,"Paramount Pictures, Inc.","Paramount Pictures, Inc."
In This Our Life,1942,John Huston|86038,Ellen Glasgow ,African Americans|Lawyers|Automobile accidents|Liars|Automobile chases|Sisters|False accusations|Infidelity|Interior decorators|Lawyers|Manslaughter|Physicians|Suicide|Uncles,,"Warner Bros. Pictures, Inc.","Warner Bros. Pictures, Inc."
Freckles Comes Home,1942,Jean Yarbrough|80716,Edward J. Kay |Eddie Cherkose |Gene Stratton-Porter ,Automobile accidents|Bank robberies|Gold|Fugitives|Gangsters|Hostages|Impersonation and imposture|Hotels|Land sales|Romance|Mortgages|Swindlers and swindling|United States. Federal Bureau of Investigation,,"Monogram Productions, Inc.",Monogram Pictures Corp.
The Vanishing Virginian,1942,Frank Borzage|53124,Earl Brent |Henry Thacker Burleigh |Robert Burns |Minnaletha White |Johann Strauss II |Hughie Cannon |Rebecca Yancey Williams ,"Aging|African Americans|Automobiles, Antique|District attorneys|Family life|Bulls|Lynchburg (VA)|Cigarettes|United States--History--Social life and customs|Clergy|Elections|Farms|Funerals|Grandparents|Handkerchiefs|Heart disease|Ink|Jealousy|Lawyers|Racial impersonation|Servants|Singers|Trials|Women's suffrage|Working women",,Metro-Goldwyn-Mayer Corp.,Loew's Inc.
My Friend Flicka,1943,Harold Schuster|66115,Mary O'Hara ,Children|Barbed wire|Debt|Fathers and sons|Disease|Horses|Maturation|Insanity|Ranchers|Mothers and sons|Mountain lions|Neighbors|Nursing back to health|Ranchhands|Roundups|Self-sacrifice|Stampedes|Swedish Americans|Wyoming,Cedar City Utah United States,Twentieth Century-Fox Film Corp.,Twentieth Century-Fox Film Corp.
A Tree Grows in Brooklyn,1945,Elia Kazan|46252,Frederick Oakeley |John Francis Wade |James Ramsey Murray |Isaac Watts |Joseph Handel |Joseph Mohr |Franz Gruber |William Douglas |Lady John Scott |Betty Smith ,"Disillusionment|Adolescence|Family life|Alcoholics|""Annie Laurie"" (Song)|Fathers and daughters|Childbirth|Grief|Christmas Eve|Idealists|Maturation|Courtship|Death and dying|New York City--Brooklyn|Poverty|Education|Gossip|Graduations|Grandmothers|Infants|Insurance--Agents|Irish Americans|Marriage|Mothers and daughters|Neighbors|Police|Reconciliation|Saloon keepers|Schoolteachers|Scrubwomen|Sisters|Tenement-houses|Trees|Troilus and Cressida (Play)",,Twentieth Century-Fox Film Corp.,Twentieth Century-Fox Film Corp.
The Girl of the Limberlost,1945,Melchor Ferrer |110672,Gene Stratton-Porter ,Accidental death|Battered children|Butterflies|Guilt|Mothers and daughters|Childbirth|Graduations|Rural life|Infidelity|Money|Schools|School superintendents and principals|Swamps|Thieves|Violins,,Columbia Pictures Corp.,Columbia Pictures Corp.
The Egg and I,1947,Chester Erskine|31116,Betty MacDonald ,Chickens|City-country contrast|Farms|Contests|Dances|Jealousy|Fairs|Newlyweds|Fires|Rural life|Mothers and daughters|Separation (Marital)|Neighbors|Salesmen|Sheriffs|Veterans,,"Universal-International Pictures Co., Inc.","Universal Pictures Company, Inc."
That Hagen Girl,1947,Peter Godfrey|123956,Edith Roberts ,Class distinction|Adoption|Attempted suicide|College students|False accusations|Gossip|Illegitimacy|Fistfights|Insanity|Lawyers|Physicians|Professors|Romance|Romeo and Juliet (Play)|Small town life,,"Warner Bros. Pictures, Inc.","Warner Bros. Pictures, Inc."
Humoresque,1947,Jean Negulesco|80519,Pyotr Ilyich Tchaikovsky |Cole Porter |Ira Gershwin |George Gershwin |Johann Sebastian Bach |Sergei Prokofiev |Edvard Grieg |Johannes Brahms |Dmitri Shostakovich |Édouard Lalo |César Franck |Henryk Wieniawski |Felix Mendelssohn |Pablo Sarasate |Richard Wagner |Georges Bizet |Antonín Dvořák |Fannie Hurst ,"Alcoholics|Ambition|Brothers|Art patronage|Concerts|Classical music|Mothers and sons|The Depression, 1929|Violinists|Dismissal (Employment)|Divorce|Fathers and sons|Grocers|Music schools|New York City|Parties|Pianists|Radio programs|Socialites|Suicide",Laguna Beach California United States,"Warner Bros. Pictures, Inc.","Warner Bros. Pictures, Inc."
Keeper of the Bees,1947,John Sturges|86985,Gene Stratton-Porter ,Divorce|Artists|Beekeepers|False accusations|Disillusionment|Gossip|Heart disease|Orphans|Transformation|Orphanages,,Columbia Pictures Corp.,Columbia Pictures Corp.
The Yearling,1947,Clarence Brown|32371||Victor Fleming|150912,Marjorie Kinnan Rawlings ,"Deer|Animals|Farm life|Bears|Children|Fathers and sons|Death and dying|Maturation|Mothers and sons|Dogs|Youth|Fistfights|Florida|Grief|Hunting|Reconciliation|Runaways|Snake bites|United States--History--Reconstruction, 1865-1898",Silver Springs Florida United States||Lake Arrowhead California United States,Metro-Goldwyn-Mayer Corp.,Loew's Inc.
Michael O'Halloran,1948,John Rawlins|86712,Gene Stratton-Porter ,Alcoholics|Accidents|Handicapped|Apartments|Drugstores|Juvenile courts|Hospitals|Mothers and daughters|Newsboys|Judges|Orphans|Pharmacists|Police|Regeneration|Surgeons|Trials|Wheelchairs,,Windsor Pictures Corp.,Monogram Distributing Corp.
I Remember Mama,1948,George Stevens|59479,John Van Druten |Kathryn Anderson McLean ,Authors|Adolescents|Family life|Alcoholics|Motherhood|Cats|Death and dying|Norwegian Americans|Engagements|San Francisco (CA)|United States--History--1909-1919|Finance--Personal|Gifts|Handicapped|Hospitals|Intolerance|Jewelry|Lodgers|Marriage|Maturation|Physicians|Ranches|Recipes|Self-sacrifice|Sisters|Spinsters|Timidity|Uncles|Undertakers and undertaking,San Francisco California United States|,"RKO Radio Pictures, Inc.","RKO Radio Pictures, Inc."
Green Grass of Wyoming,1948,Louis King|101085,Burl Ives |Mary O'Hara ,Adolescents|Animal culture|Family relationships|Alcoholics|Harness racing|Chases|Horses|Horse trainers|Lancaster (OH)|Regeneration|Romance|Neighbors|Nursing back to health|Partnership|Ranchers|Ranchhands|Rivalry|Square dances|Veterinarians|Wolves|Wyoming,Lancaster Ohio United States|Kanab Utah United States,Twentieth Century-Fox Film Corp.,Twentieth Century-Fox Film Corp.
Pinky,1949,Elia Kazan|46252,Cid Ricketts Sumner ,Attempted rape|African Americans|Grandmothers|Cousins|Miscegenation|Friendship|Judges|Nurses|Gossip|Racism|Transformation|Laundresses|United States--South|Literacy|Ne'er-do-wells|Physicians|Police brutality|Racial impersonation|Storekeepers|Trials|Wills,,Twentieth Century-Fox Film Corp.,Twentieth Century-Fox Film Corp.
The Sun Comes Up,1949,Richard Thorpe|130458,Paul Bourget |Anton Rubinstein |William Katz |André Previn |Natalie MacFarren |Adolf Heyduck |Antonín Dvořák |Guiseppe Giacosa |Luigi Illica |Giacomo Puccini |René Alphonse Rabey |Marjorie Kinnan Rawlings ,Accidental death|Dogs|Adoption|Grief|Authors|Opera singers|Orphans|Children|Small town life|City-country contrast|Fires|Widows|Friendship|Liars|Orphanages|Physicians|Pneumonia|Rescues|Romance|Snuff boxes and bottles|Storekeepers,Santa Cruz California United States,Metro-Goldwyn-Mayer Corp.,Loew's Inc.
Has Anybody Seen My Gal,1952,Douglas Sirk|41472,Joe Young |Sam Lewis |Ray Henderson |Harry DeCosta |Joseph Mohr |Franz Gruber |Wendell Hall |Maceo Pinkard |Jack Smith |Roy Turk |Harry Wood ,Class distinction|Artists|Children|Impersonation and imposture|Inheritance|Dogs|Materialism|Engagements|Family relationships|Millionaires|Romantic rivalry|Grandfathers|Hypochondria|Lawyers|Loans|Mansions|Pharmacists|Prisons|Soda jerks|Speakeasies|Vermont|Wagers,,"Universal-International Pictures Co., Inc.","Universal Pictures Co., inc."
The Member of the Wedding,1953,Fred Zinnemann|55504,C. D. Martin |Charles H. Gabriel |Carson McCullers |Oliver Rea |Robert Whitehead |Stanley Martineau ,Adolescents|Automobile accidents|Bars|African Americans|Children|Nannies|Clubs|Obsession|Cousins|Southerners|Death and dying|Drunkenness|Fathers and daughters|Fugitives|Georgia|Infatuation|Letters|Loneliness|Musicians|Racism|Runaways|Self-sacrifice|Sisters|Small town life|Soldiers|Weddings|Widows,|Colusa California United States,"Stanley Kramer Co., Inc.",Columbia Pictures Corp.
So Big,1953,Robert Wise|132871,Edna Ferber ,Dutch Americans|Adolescents|Farmers|Architects|Idealism|Artists|Asparagus|Mothers and sons|Auctions|Boarding schools|Businessmen|Chicago (IL)|Children|Composers|Friendship|Idle rich|Jealousy|Lure of riches|Neighbors|Proposals (Marital)|Romance|Salesmen|Schoolteachers|Self-made men|Small town life|Snobs and snobbishness|Social climbers|Transformation|Truck farmers|Unrequited love|United States--Midwest|Widows,Santa Ana California United States|Newport Beach California United States,"Warner Bros. Pictures, Inc.","Warner Bros. Pictures, Inc."
Bright Road,1953,Gerald Mayer|60530,Harry Belafonte |Millard Thomas |Mary Elizabeth Vroman ,Bees and wasps|African Americans|Children|Butterflies|Schoolteachers|Christmas|Death and dying|Fights|Obstinacy|Poverty|Religion|School superintendents and principals|Sleeping Beauty (Play),,Metro-Goldwyn-Mayer Corp.,Loew's Inc.
Lucy Gallant,1955,Robert Parrish|132398,Jay Livingston |Ray Evans |Margaret Cousins ,"African Americans|Battle of the sexes|Nouveaux riches|Bankers|Boardinghouses|Ranchers|Boom towns|Romance|Brothels|Stores, Retail|Texas|Clothes|Women in business|Couturiers|Easterners|Engagements|Europe|Fashion shows|Governors|Hotels|Loans|Luggage|Madams|Models|Oilmen|Parties|Rainstorms|Train stations|Veterans|War injuries|World War II",Bakersfield California United States,"Paramount Pictures Corp.,Pine-Thomas Productions",Paramount Pictures Corp.
Giant,1956,George Stevens|59479,Paul Webster |Dimitri Tiomkin |Edna Ferber ,Businessmen|Family relationships|Marriage--Mixed|Cattle|Mexican Americans|Childbirth|Christmas|Migrant workers|Cowboys|Oil wells|Racism|Drunkenness|Ranches|Funerals|Texas|Horses|Lawyers|Parades|Physicians|Poverty|Thanksgiving Day|Twins|Wealth|World War II,Marfa Texas United States||Charlottesville Virginia United States|,"Warner Bros. Pictures, Inc.","Warner Bros. Pictures, Inc."
Tammy and the Bachelor,1957,Joseph Pevney|89611,Jay Livingston |Ray Evans |Cid Ricketts Sumner ,Airplane accidents|Class distinction|Farms|Bootleggers|Businessmen|Fear|Family relationships|Maturation|Naïveté|Goats|Grandfathers|Transformation|Unrequited love|Houseboats|Kisses|Louisiana|Painters|Professors|Romantic rivalry|Storms|Temperance|Wounds and injuries,|,"Universal-International Pictures Co., Inc.","Universal Pictures Co., inc."
The Hanging Tree,1959,Delmer Daves|37525||Karl Malden|92117||Vincent Sherman|151411,Jerry Livingston |Mack David |Marty Robbins |Dorothy M. Johnson ,Attempted rape|Gold miners|Immigrants|Blindness--Temporary|Cabins|Lechery|Drunkenness|Mining towns|Gambling|Physicians|Swiss|Gold|Indentured servants|Lynching|Mobs|Nursing back to health|Prudes|Secrets|Stagecoach robberies|Storekeepers|Transformation,Yakima Washington United States,"Baroda Productions, Inc.","Warner Bros. Pictures, Inc."
Imitation of Life,1959,Douglas Sirk|41472,Paul Webster |Frederick Herbert |Arnold Hughes |Sammy Fain |Earl Grant |Mahalia Jackson |Fannie Hurst ,African Americans|Actors and actresses|Adolescence|Ambition|Friendship|Chorus girls|Mothers and daughters|Funerals|Grief|Neglected children|Racial impersonation|Housekeepers|Infatuation|Maturation|New York City--Broadway|New York City--Coney Island|Photographers|Playwrights|Racism|Romance|Seduction|Spirituals (Songs)|Theater|Theatrical agents|Vocational obsession|Widows,Hollywood California United States|,"Universal-International Pictures Co., Inc.","Universal Pictures Co., inc."
Cimarron,1960,Anthony Mann|14336,Paul Webster |Franz Waxman |Edna Ferber ,Family relationships|Adventurers|Bank robberies|Homesteaders|Brothels|Idealists|Land rushes|Childbirth|Marriage|Desertion (Marital)|Oklahoma|Editors|French Americans|Friendship|Indians of North America|Jealousy|Jews|Loans|Lynching|Marriage--Mixed|Merchants|Newspapers|Oil tycoons|Outlaws|Political corruption|Racism|Reconciliation|Rescues|Shootings|Small town life|Social climbers|Swindlers and swindling,|Tucson Arizona United States|Mescal Arizona United States,Metro-Goldwyn-Mayer Corp.,Loew's Inc.
Ice Palace,1960,Vincent Sherman|151411,Edna Ferber ,Airplane accidents|Alaska|Bears|Entrepreneurs|Family relationships|Canneries|Childbirth|Feuds|Greed|Chinese Americans|Death by animals|Indians of North America--Mixed blood|Romantic rivalry|Death in childbirth|Dogsledding|Statehood (American politics)|Elopement|Fishermen|Fishing villages|Granddaughters|Heart disease|Hotelkeepers|Houseboys|Irish Americans|Lawyers|Loneliness|Marriage--Arranged|Native Alaskans|Neglected children|Neglected wives|Political candidates|Racism|Rescues|Salmon|Scottish Americans|Seattle (WA)|Snow storms,Juneau Alaska United States|Petersburg Alaska United States|Fairbanks Alaska United States,"Warner Bros. Pictures, Inc.","Warner Bros. Pictures, Inc."
Pollyanna,1960,David Swift|36870,Samuel Augustus Ward |Katherine Lee Bates |Gil George |Paul Smith |David Swift |Eleanor H. Porter ,Accidents|Aunts|Bazaars|Children|Optimism|Charity|Clothes|Orphans|Romance|Dolls|Friendship|Transformation|Invalids|Mayors|Orphanages|Paralysis|Physicians|Reverends|Sermons|Small town life|Trees,Santa Rosa California United States|Napa California United States,Walt Disney Productions ,"Buena Vista Film Distribution Co., Inc."
Freckles,1960,Andrew V. McLaglen|188991,Henry Vars |By Dunham |Jack Lambert |Gene Stratton-Porter ,Aunts|Forests|Handicapped|Business rivals|Cabins|Lumber camps|Lumberjacks|Editors|Fathers and daughters|Orphans|Romance|Fistfights|Scots|Guards|Thieves|Gunfights|Gunshot wounds|Indiana|Lumber camp foremen,,"Associated Producers, Inc.",Twentieth Century-Fox Film Corp.
Tess of the Storm Country,1960,Paul Guilfoyle|121897,Grace Miller White |Rupert Hughes ,Cattle|Factories|Drunkenness|Factory owners|Family life|Elopement|Explosions|Farmers|Feuds|False accusations|Mennonites|Nieces|Pacifism and pacifists|Pollution|Revenge|Scots|Small town life|Uncles|Veterinarians|Weddings,Sonora California United States,"Associated Producers, Inc.",Twentieth Century-Fox Film Corp.
Back Street,1961,David Miller|36651,Ken Darby |Frank Skinner |Fannie Hurst ,Alcoholism|Automobile accidents|Children|Couturiers|Divorce|Fashion shows|Family relationships|Heirs|Infidelity|Lincoln (NE)|London (England)|Mistresses|New York City|Orphans|Paris (France)|Rome (Italy)|Suicide|Veterans,Studio City California United States|New York City New York United States|Monterey California United States,"Carrollton, Inc.,Ross Hunter Productions, Inc.",Universal-International
